id,title,description,availability,condition,price,link,image_link,brand
MLA3586331672,Auriculares Bluetooth I12 Exxtra Tech Celeste,Auriculares Bluetooth I12 Exxtra Tech Celeste,in stock,new,27900 ARS,https://articulo.mercadolibre.com.ar/MLA-3586331672-auriculares-bluetooth-i12-exxtra-tech-celeste-_JM,https://http2.mlstatic.com/D_607814-MLA112793377276_072026-O.jpg,Genérica
MLA3800750700,Cargador Carga Rapida 6.4a Dual 2 Usb +cable Tipoc Realidad Blanco,Cargador Carga Rapida 6.4a Dual 2 Usb +cable Tipoc Realidad Blanco,in stock,new,12900 ARS,https://articulo.mercadolibre.com.ar/MLA-3800750700-cargador-carga-rapida-64a-dual-2-usb-cable-tipoc-realidad-blanco-_JM,https://http2.mlstatic.com/D_796908-MLA114917051660_082026-O.jpg,Mixor
MLA3586332086,Auriculares Bluetooth I12 Exxtra Tech Amarillo,Auriculares Bluetooth I12 Exxtra Tech Amarillo,in stock,new,27900 ARS,https://articulo.mercadolibre.com.ar/MLA-3586332086-auriculares-bluetooth-i12-exxtra-tech-amarillo-_JM,https://http2.mlstatic.com/D_632966-MLA109551565578_042026-O.jpg,Genérica
MLA3177283476,Auriculares M11 Con Cable Negro,Auriculares M11 Con Cable Negro,in stock,new,7968 ARS,https://articulo.mercadolibre.com.ar/MLA-3177283476-auriculares-m11-con-cable-negro-_JM,https://http2.mlstatic.com/D_794368-MLA110313191863_042026-O.jpg,AuriCa
MLA1748658633,Auriculares Bluetooth I12 Exxtra Tech Amarillo,Auriculares Bluetooth I12 Exxtra Tech Amarillo,in stock,new,13500 ARS,https://articulo.mercadolibre.com.ar/MLA-1748658633-auriculares-bluetooth-i12-exxtra-tech-amarillo-_JM,https://http2.mlstatic.com/D_632966-MLA109551565578_042026-O.jpg,Genérica
MLA3159753926,Cable Usb Tipo C - 1m Blanco,Cable Usb Tipo C - 1m Blanco,in stock,new,9960 ARS,https://articulo.mercadolibre.com.ar/MLA-3159753926-cable-usb-tipo-c-1m-blanco-_JM,https://http2.mlstatic.com/D_645096-MLA110130590095_042026-O.jpg,Type C
MLA3772337330,Cable Usb A Tipo C Carga Rapida Mixor 1m Negro,Cable Usb A Tipo C Carga Rapida Mixor 1m Negro,in stock,new,3500 ARS,https://articulo.mercadolibre.com.ar/MLA-3772337330-cable-usb-a-tipo-c-carga-rapida-mixor-1m-negro-_JM,https://http2.mlstatic.com/D_716738-MLA114640433980_082026-O.jpg,Mixor
MLA3672748448,Pack 5 Autos + Helicoptero Juguetes Niños Verde Musgo,Pack 5 Autos + Helicoptero Juguetes Niños Verde Musgo,in stock,new,12000 ARS,https://articulo.mercadolibre.com.ar/MLA-3672748448-pack-5-autos-helicoptero-juguetes-ninos-verde-musgo-_JM,https://http2.mlstatic.com/D_619842-MLA113863706618_072026-O.webp,Genérica
MLA3160907558,Parlante Gts 8  Bluetooth Portátil Gts-2047 Negro,Parlante Gts 8  Bluetooth Portátil Gts-2047 Negro,in stock,new,87912 ARS,https://articulo.mercadolibre.com.ar/MLA-3160907558-parlante-gts-8-bluetooth-portatil-gts-2047-negro-_JM,https://http2.mlstatic.com/D_788061-MLA110141969373_042026-O.jpg,GTS
MLA1976096447,Raqueta Mata Mosquitos Recargable Usb 4500v Modelo Hj03 Rojo,Raqueta Mata Mosquitos Recargable Usb 4500v Modelo Hj03 Rojo,in stock,new,30000 ARS,https://articulo.mercadolibre.com.ar/MLA-1976096447-raqueta-mata-mosquitos-recargable-usb-4500v-modelo-hj03-rojo-_JM,https://http2.mlstatic.com/D_993409-MLA114570871466_082026-O.jpg,Genérica
MLA1739253287,Smartwatch Zl138 Reloj Inteligente Circular Ultra Delgado Liviano Y Cómodo Negro,Smartwatch Zl138 Reloj Inteligente Circular Ultra Delgado Liviano Y Cómodo Negro,in stock,new,65294.34 ARS,https://articulo.mercadolibre.com.ar/MLA-1739253287-smartwatch-zl138-reloj-inteligente-circular-ultra-delgado-liviano-y-comodo-negro-_JM,https://http2.mlstatic.com/D_805006-MLA109310048756_042026-O.jpg,Smartwatch ZL138
MLA1774897885,Cortadora De Pelo Y Barba. De Metal - Color Dorada Dorado,Cortadora De Pelo Y Barba. De Metal - Color Dorada Dorado,in stock,new,15000 ARS,https://articulo.mercadolibre.com.ar/MLA-1774897885-cortadora-de-pelo-y-barba-de-metal-color-dorada-dorado-_JM,https://http2.mlstatic.com/D_798831-MLA111196711839_052026-O.webp,Genérica
MLA1949511373,Foco Led Parlante Bluetooth Rgb 12w Con Control Remoto E27 Rgb,Foco Led Parlante Bluetooth Rgb 12w Con Control Remoto E27 Rgb,in stock,new,12000.0 ARS,https://articulo.mercadolibre.com.ar/MLA-1949511373-foco-led-parlante-bluetooth-rgb-12w-con-control-remoto-e27-rgb-_JM,https://http2.mlstatic.com/D_846993-MLA115630601151_082026-O.jpg,Genérica
MLA3727545040,Pistola Lanza Agua Super Cañón Grande 55cm Water Gun Amarillo Y Rojo,Pistola Lanza Agua Super Cañón Grande 55cm Water Gun Amarillo Y Rojo,in stock,new,23000 ARS,https://articulo.mercadolibre.com.ar/MLA-3727545040-pistola-lanza-agua-super-canon-grande-55cm-water-gun-amarillo-y-rojo-_JM,https://http2.mlstatic.com/D_790439-MLA114280533868_082026-O.jpg,Water Gun
MLA3768169164,Foco Led Giratorio Rgb Bolichero Fiesta E27 3w(combo X2 Uni) Rgb,Foco Led Giratorio Rgb Bolichero Fiesta E27 3w(combo X2 Uni) Rgb,in stock,new,28050 ARS,https://articulo.mercadolibre.com.ar/MLA-3768169164-foco-led-giratorio-rgb-bolichero-fiesta-e27-3wcombo-x2-uni-rgb-_JM,https://http2.mlstatic.com/D_939162-MLA115948744517_082026-O.webp,Time
MLA1949468395,Pistola Lanza Agua Super Cañón Grande 55cm Water Gun Amarillo Y Rojo,Pistola Lanza Agua Super Cañón Grande 55cm Water Gun Amarillo Y Rojo,in stock,new,30000 ARS,https://articulo.mercadolibre.com.ar/MLA-1949468395-pistola-lanza-agua-super-canon-grande-55cm-water-gun-amarillo-y-rojo-_JM,https://http2.mlstatic.com/D_790439-MLA114280533868_082026-O.jpg,Water Gun
MLA3766624020,Raqueta Mata Mosquitos Recargable Usb 4500v Modelo Hj03 Rojo,Raqueta Mata Mosquitos Recargable Usb 4500v Modelo Hj03 Rojo,in stock,new,18000 ARS,https://articulo.mercadolibre.com.ar/MLA-3766624020-raqueta-mata-mosquitos-recargable-usb-4500v-modelo-hj03-rojo-_JM,https://http2.mlstatic.com/D_993409-MLA114570871466_082026-O.jpg,Genérica
MLA3771733938,Cable Usb A Tipo C Carga Rapida Mixor 1m Blanco,Cable Usb A Tipo C Carga Rapida Mixor 1m Blanco,in stock,new,3500 ARS,https://articulo.mercadolibre.com.ar/MLA-3771733938-cable-usb-a-tipo-c-carga-rapida-mixor-1m-blanco-_JM,https://http2.mlstatic.com/D_961888-MLA114639947280_082026-O.jpg,Mixor
MLA3189413440,Balanza De Cocina - Capacidad 10kg Recetas Con Precisión Naranja Claro 10 Kg,Balanza De Cocina - Capacidad 10kg Recetas Con Precisión Naranja Claro 10 Kg,in stock,new,18500 ARS,https://articulo.mercadolibre.com.ar/MLA-3189413440-balanza-de-cocina-capacidad-10kg-recetas-con-precision-naranja-claro-10-kg-_JM,https://http2.mlstatic.com/D_951102-MLA109550329352_042026-O.jpg,Electronic
MLA1788484985,Auriculares Bluetooth P880 Rgb Inalámbricos Luz Led Plegable Blanco,Auriculares Bluetooth P880 Rgb Inalámbricos Luz Led Plegable Blanco,in stock,new,49950 ARS,https://articulo.mercadolibre.com.ar/MLA-1788484985-auriculares-bluetooth-p880-rgb-inalambricos-luz-led-plegable-blanco-_JM,https://http2.mlstatic.com/D_690504-MLA113987249903_072026-O.webp,P880
MLA2058965157,Aro De Luz Led Rgb Con Trípode Y Soporte Para Celular Negro,Aro De Luz Led Rgb Con Trípode Y Soporte Para Celular Negro,in stock,new,29000 ARS,https://articulo.mercadolibre.com.ar/MLA-2058965157-aro-de-luz-led-rgb-con-tripode-y-soporte-para-celular-negro-_JM,https://http2.mlstatic.com/D_944115-MLA117118756807_092026-O.webp,Genérica
MLA2056865267,Combo X2 Parlante Bluetooth Portatil Con Luz Led Usb Rgb Negro,Combo X2 Parlante Bluetooth Portatil Con Luz Led Usb Rgb Negro,in stock,new,32000 ARS,https://articulo.mercadolibre.com.ar/MLA-2056865267-combo-x2-parlante-bluetooth-portatil-con-luz-led-usb-rgb-negro-_JM,https://http2.mlstatic.com/D_694867-MLA115628005750_092026-O.webp,Genérica
MLA3924407818,Humidificador Difusor Aromas Ovni Lluvia Luz Led Color Combi Combinado,Humidificador Difusor Aromas Ovni Lluvia Luz Led Color Combi Combinado,in stock,new,65000 ARS,https://articulo.mercadolibre.com.ar/MLA-3924407818-humidificador-difusor-aromas-ovni-lluvia-luz-led-color-combi-combinado-_JM,https://http2.mlstatic.com/D_641098-MLA117343060349_092026-O.webp,Genérica
MLA1999673899,Cargador Carga Rapida 6.4a Dual 2 Usb +cable Tipoc Realidad Blanco,Cargador Carga Rapida 6.4a Dual 2 Usb +cable Tipoc Realidad Blanco,in stock,new,15900 ARS,https://articulo.mercadolibre.com.ar/MLA-1999673899-cargador-carga-rapida-64a-dual-2-usb-cable-tipoc-realidad-blanco-_JM,https://http2.mlstatic.com/D_796908-MLA114917051660_082026-O.jpg,Mixor
MLA3920643704,Mini Parlante Karaoke Bluetooth Con Microfono Luces Led Rgb Beige,Mini Parlante Karaoke Bluetooth Con Microfono Luces Led Rgb Beige,in stock,new,22000 ARS,https://articulo.mercadolibre.com.ar/MLA-3920643704-mini-parlante-karaoke-bluetooth-con-microfono-luces-led-rgb-beige-_JM,https://http2.mlstatic.com/D_915839-MLA117296777953_092026-O.jpg,Genérica
MLA2058964017,Aro De Luz Led Rgb Con Trípode Y Soporte Para Celular Negro,Aro De Luz Led Rgb Con Trípode Y Soporte Para Celular Negro,in stock,new,32010 ARS,https://articulo.mercadolibre.com.ar/MLA-2058964017-aro-de-luz-led-rgb-con-tripode-y-soporte-para-celular-negro-_JM,https://http2.mlstatic.com/D_944115-MLA117118756807_092026-O.webp,Genérica
MLA1999676255,Pack X2 Cargador Rapido 6.4a Dual 2 Usb + Cable Tipo C Blanco,Pack X2 Cargador Rapido 6.4a Dual 2 Usb + Cable Tipo C Blanco,in stock,new,33000 ARS,https://articulo.mercadolibre.com.ar/MLA-1999676255-pack-x2-cargador-rapido-64a-dual-2-usb-cable-tipo-c-blanco-_JM,https://http2.mlstatic.com/D_858014-MLA116297746311_082026-O.webp,Mixor
MLA3857052230,Cafetera Electrica De Filtro 15 Tazas 1.25l Jarravidrio 650w Negro,Cafetera Electrica De Filtro 15 Tazas 1.25l Jarravidrio 650w Negro,in stock,new,73000 ARS,https://articulo.mercadolibre.com.ar/MLA-3857052230-cafetera-electrica-de-filtro-15-tazas-125l-jarravidrio-650w-negro-_JM,https://http2.mlstatic.com/D_921357-MLA115289691724_082026-O.webp,Genérica
MLA2062207653,Soporte Celular Espejo Retrovisor Auto Universal Ajustable Negro,Soporte Celular Espejo Retrovisor Auto Universal Ajustable Negro,in stock,new,17500 ARS,https://articulo.mercadolibre.com.ar/MLA-2062207653-soporte-celular-espejo-retrovisor-auto-universal-ajustable-negro-_JM,https://http2.mlstatic.com/D_977399-MLA116342724446_092026-O.webp,Genérica
MLA3920338876,Mini Parlante Karaoke Bluetooth Con Microfono Luces Led Rgb Celeste,Mini Parlante Karaoke Bluetooth Con Microfono Luces Led Rgb Celeste,in stock,new,22000 ARS,https://articulo.mercadolibre.com.ar/MLA-3920338876-mini-parlante-karaoke-bluetooth-con-microfono-luces-led-rgb-celeste-_JM,https://http2.mlstatic.com/D_968672-MLA117297414915_092026-O.webp,Genérica
MLA3894176680,Esfera Luz Led Boliche Rgb Con Controlremoto Y Ritmo Musical Negro,Esfera Luz Led Boliche Rgb Con Controlremoto Y Ritmo Musical Negro,in stock,new,28000 ARS,https://articulo.mercadolibre.com.ar/MLA-3894176680-esfera-luz-led-boliche-rgb-con-controlremoto-y-ritmo-musical-negro-_JM,https://http2.mlstatic.com/D_700444-MLA116961993441_082026-O.webp,Genérica
MLA3920643702,Mini Parlante Karaoke Bluetooth Con Microfono Luces Led Rgb Rosa,Mini Parlante Karaoke Bluetooth Con Microfono Luces Led Rgb Rosa,in stock,new,22000 ARS,https://articulo.mercadolibre.com.ar/MLA-3920643702-mini-parlante-karaoke-bluetooth-con-microfono-luces-led-rgb-rosa-_JM,https://http2.mlstatic.com/D_857083-MLA117297215807_092026-O.webp,Genérica
MLA3881486824,Auriculares Inalambricos P9 Vincha Bluetooth Over Ear Blanco,Auriculares Inalambricos P9 Vincha Bluetooth Over Ear Blanco,in stock,new,15000 ARS,https://articulo.mercadolibre.com.ar/MLA-3881486824-auriculares-inalambricos-p9-vincha-bluetooth-over-ear-blanco-_JM,https://http2.mlstatic.com/D_614692-MLA116877037675_082026-O.jpg,Genérica
MLA2040147915,Luz De Emergencia Recargable 60 Luces Led Portatil Blanco,Luz De Emergencia Recargable 60 Luces Led Portatil Blanco,in stock,new,33000 ARS,https://articulo.mercadolibre.com.ar/MLA-2040147915-luz-de-emergencia-recargable-60-luces-led-portatil-blanco-_JM,https://http2.mlstatic.com/D_940684-MLA116797158637_082026-O.webp,ALTAGAMA360
MLA3889795372,Freidora De Aire Sin Aceite Air Fryer Cocina Saludable Negro,Freidora De Aire Sin Aceite Air Fryer Cocina Saludable Negro,in stock,new,120000 ARS,https://articulo.mercadolibre.com.ar/MLA-3889795372-freidora-de-aire-sin-aceite-air-fryer-cocina-saludable-negro-_JM,https://http2.mlstatic.com/D_934671-MLA116932647319_082026-O.webp,Oryx
MLA2067938501,Mini Parlante Karaoke Bluetooth Con Microfono Luces Led Rgb Beige,Mini Parlante Karaoke Bluetooth Con Microfono Luces Led Rgb Beige,in stock,new,33000 ARS,https://articulo.mercadolibre.com.ar/MLA-2067938501-mini-parlante-karaoke-bluetooth-con-microfono-luces-led-rgb-beige-_JM,https://http2.mlstatic.com/D_915839-MLA117296777953_092026-O.jpg,Genérica
MLA2067938505,Mini Parlante Karaoke Bluetooth Con Microfono Luces Led Rgb Rosa,Mini Parlante Karaoke Bluetooth Con Microfono Luces Led Rgb Rosa,in stock,new,33000 ARS,https://articulo.mercadolibre.com.ar/MLA-2067938505-mini-parlante-karaoke-bluetooth-con-microfono-luces-led-rgb-rosa-_JM,https://http2.mlstatic.com/D_857083-MLA117297215807_092026-O.webp,Genérica
MLA3892585096,Humidificador Difusor De Aromas Cañon 200ml Luz Nocturna Blanco,Humidificador Difusor De Aromas Cañon 200ml Luz Nocturna Blanco,in stock,new,50000 ARS,https://articulo.mercadolibre.com.ar/MLA-3892585096-humidificador-difusor-de-aromas-canon-200ml-luz-nocturna-blanco-_JM,https://http2.mlstatic.com/D_869596-MLA115511713102_082026-O.webp,Genérica
MLA2067938503,Mini Parlante Karaoke Bluetooth Con Microfono Luces Led Rgb Celeste,Mini Parlante Karaoke Bluetooth Con Microfono Luces Led Rgb Celeste,in stock,new,33000 ARS,https://articulo.mercadolibre.com.ar/MLA-2067938503-mini-parlante-karaoke-bluetooth-con-microfono-luces-led-rgb-celeste-_JM,https://http2.mlstatic.com/D_968672-MLA117297414915_092026-O.webp,Genérica
MLA2062204301,Vaso Termico Electrico Para Auto 12v  Taza Viajera Acero Gris Acero Inoxidable,Vaso Termico Electrico Para Auto 12v  Taza Viajera Acero Gris Acero Inoxidable,in stock,new,20000 ARS,https://articulo.mercadolibre.com.ar/MLA-2062204301-vaso-termico-electrico-para-auto-12v-taza-viajera-acero-gris-acero-inoxidable-_JM,https://http2.mlstatic.com/D_701849-MLA115728874918_092026-O.webp,Genérica
MLA2071339913,Auriculares Inalambricos Tws Bluetooth F9  Con Powerbank Blanco,Auriculares Inalambricos Tws Bluetooth F9  Con Powerbank Blanco,in stock,new,19000 ARS,https://articulo.mercadolibre.com.ar/MLA-2071339913-auriculares-inalambricos-tws-bluetooth-f9-con-powerbank-blanco-_JM,https://http2.mlstatic.com/D_965166-MLA117345762803_092026-O.webp,Genérica
MLA2071338645,Auriculares Inalambricos Tws Bluetooth F9  Con Powerbank Rosa,Auriculares Inalambricos Tws Bluetooth F9  Con Powerbank Rosa,in stock,new,28000 ARS,https://articulo.mercadolibre.com.ar/MLA-2071338645-auriculares-inalambricos-tws-bluetooth-f9-con-powerbank-rosa-_JM,https://http2.mlstatic.com/D_898704-MLA115879229442_092026-O.webp,Genérica
MLA1788421509,Auriculares Bluetooth P880 Rgb Inalámbricos Luz Led Plegable Violeta,Auriculares Bluetooth P880 Rgb Inalámbricos Luz Led Plegable Violeta,in stock,new,30000 ARS,https://articulo.mercadolibre.com.ar/MLA-1788421509-auriculares-bluetooth-p880-rgb-inalambricos-luz-led-plegable-violeta-_JM,https://http2.mlstatic.com/D_968237-MLA111690996719_052026-O.webp,P880
MLA3923326978,Auriculares Gamer P880 Rgb Inalámbricos Color Violeta,Auriculares Gamer P880 Rgb Inalámbricos Color Violeta,in stock,new,30000 ARS,https://articulo.mercadolibre.com.ar/MLA-3923326978-auriculares-gamer-p880-rgb-inalambricos-color-violeta-_JM,https://http2.mlstatic.com/D_789360-MLA110941409920_052026-O.webp,diegmark
MLA3931136930,Set Cocina Asado Cuchillo Tenedor Chaira Molinillo Pimentero,Set Cocina Asado Cuchillo Tenedor Chaira Molinillo Pimentero,in stock,new,33000 ARS,https://articulo.mercadolibre.com.ar/MLA-3931136930-set-cocina-asado-cuchillo-tenedor-chaira-molinillo-pimentero-_JM,https://http2.mlstatic.com/D_718096-MLA117416368403_092026-O.webp,Genérica
MLA2071288407,Auriculares Inalambricos Tws Bluetooth F9  Con Powerbank Rosa,Auriculares Inalambricos Tws Bluetooth F9  Con Powerbank Rosa,in stock,new,19000 ARS,https://articulo.mercadolibre.com.ar/MLA-2071288407-auriculares-inalambricos-tws-bluetooth-f9-con-powerbank-rosa-_JM,https://http2.mlstatic.com/D_898704-MLA115879229442_092026-O.webp,Genérica
MLA3931236016,Set Cocina Asado Cuchillo Tenedor Chaira Molinillo Pimentero,Set Cocina Asado Cuchillo Tenedor Chaira Molinillo Pimentero,in stock,new,24000 ARS,https://articulo.mercadolibre.com.ar/MLA-3931236016-set-cocina-asado-cuchillo-tenedor-chaira-molinillo-pimentero-_JM,https://http2.mlstatic.com/D_718096-MLA117416368403_092026-O.webp,Genérica
MLA2071287079,Auriculares Inalambricos Tws Bluetooth F9  Con Powerbank Blanco,Auriculares Inalambricos Tws Bluetooth F9  Con Powerbank Blanco,in stock,new,28000 ARS,https://articulo.mercadolibre.com.ar/MLA-2071287079-auriculares-inalambricos-tws-bluetooth-f9-con-powerbank-blanco-_JM,https://http2.mlstatic.com/D_965166-MLA117345762803_092026-O.webp,Genérica
MLA2071288319,Auriculares Inalambricos Tws Bluetooth F9  Con Powerbank Blanco,Auriculares Inalambricos Tws Bluetooth F9  Con Powerbank Blanco,in stock,new,33000 ARS,https://articulo.mercadolibre.com.ar/MLA-2071288319-auriculares-inalambricos-tws-bluetooth-f9-con-powerbank-blanco-_JM,https://http2.mlstatic.com/D_965166-MLA117345762803_092026-O.webp,Genérica
MLA2071326935,Auriculares Inalambricos Tws Bluetooth F9  Con Powerbank Rosa,Auriculares Inalambricos Tws Bluetooth F9  Con Powerbank Rosa,in stock,new,31350 ARS,https://articulo.mercadolibre.com.ar/MLA-2071326935-auriculares-inalambricos-tws-bluetooth-f9-con-powerbank-rosa-_JM,https://http2.mlstatic.com/D_898704-MLA115879229442_092026-O.webp,Genérica
